{
	"credit": "Made with Blockbench",
	"textures": {
		"0": "block/dirt",
		"1": "block/cobblestone",
		"2": "block/podzol_top",
		"particle": "block/dirt"
	},
	"elements": [
		{
			"name": "base_top",
			"from": [1, 1, 2],
			"to": [15, 2, 12],
			"faces": {
				"east": {"uv": [4, 14, 14, 15], "texture": "#2"},
				"south": {"uv": [1, 14, 15, 15], "texture": "#2"},
				"west": {"uv": [2, 14, 12, 15], "texture": "#2"},
				"up": {"uv": [1, 2, 15, 12], "texture": "#2"}
			}
		},
		{
			"name": "stone_base",
			"from": [1, 1, 1],
			"to": [15, 12, 2],
			"faces": {
				"north": {"uv": [1, 4, 15, 15], "texture": "#1"},
				"east": {"uv": [14, 4, 15, 15], "texture": "#1"},
				"south": {"uv": [1, 4, 15, 15], "texture": "#1"},
				"west": {"uv": [1, 4, 2, 15], "texture": "#1"},
				"up": {"uv": [1, 1, 15, 2], "texture": "#1"}
			}
		},
		{
			"name": "stone_middle",
			"from": [2, 12, 1],
			"to": [14, 14, 2],
			"faces": {
				"north": {"uv": [2, 2, 14, 4], "texture": "#1"},
				"east": {"uv": [14, 2, 15, 4], "texture": "#1"},
				"south": {"uv": [2, 2, 14, 4], "texture": "#1"},
				"west": {"uv": [1, 2, 2, 4], "texture": "#1"},
				"up": {"uv": [2, 1, 14, 2], "texture": "#1"}
			}
		},
		{
			"name": "stone_top",
			"from": [3, 14, 1],
			"to": [13, 15, 2],
			"faces": {
				"north": {"uv": [3, 1, 13, 2], "texture": "#1"},
				"east": {"uv": [14, 1, 15, 2], "texture": "#1"},
				"south": {"uv": [3, 1, 13, 2], "texture": "#1"},
				"west": {"uv": [1, 1, 2, 2], "texture": "#1"},
				"up": {"uv": [3, 1, 13, 2], "texture": "#1"}
			}
		},
		{
			"name": "base",
			"from": [0, 0, 0],
			"to": [16, 1, 16],
			"faces": {
				"north": {"uv": [0, 15, 16, 16], "texture": "#0"},
				"east": {"uv": [0, 15, 16, 16], "texture": "#0"},
				"south": {"uv": [0, 15, 16, 16], "texture": "#0"},
				"west": {"uv": [0, 15, 16, 16], "texture": "#0"},
				"up": {"uv": [0, 0, 16, 16], "texture": "#0"},
				"down": {"uv": [0, 0, 16, 16], "texture": "#0"}
			}
		},
		{
			"name": "base_middle",
			"from": [3, 1, 12],
			"to": [13, 2, 14],
			"faces": {
				"east": {"uv": [2, 14, 4, 15], "texture": "#2"},
				"south": {"uv": [4, 14, 14, 15], "texture": "#2"},
				"west": {"uv": [12, 14, 14, 15], "texture": "#2"},
				"up": {"uv": [4, 12, 14, 14], "texture": "#2"}
			}
		},
		{
			"name": "base_front",
			"from": [5, 1, 14],
			"to": [10, 2, 15],
			"faces": {
				"east": {"uv": [1, 14, 2, 15], "texture": "#2"},
				"south": {"uv": [6, 14, 11, 15], "texture": "#2"},
				"west": {"uv": [14, 14, 15, 15], "texture": "#2"},
				"up": {"uv": [6, 14, 11, 15], "texture": "#2"}
			}
		}
	],
	"display": {
		"head": {
			"scale": [1.6, 1.6, 1.6]
		}
	}
}